<?xml version="1.0" encoding="UTF-8"?>
<metadata xml:lang="es"><Esri><CreaDate>20180607</CreaDate><CreaTime>14092400</CreaTime><ArcGISFormat>1.0</ArcGISFormat><ArcGISstyle>XTools Pro Metadata</ArcGISstyle><SyncOnce>TRUE</SyncOnce><DataProperties><lineage><Process ToolSource="C:\Program Files (x86)\ArcGIS\Desktop10.0\ArcToolbox\Toolboxes\Data Management Tools.tbx\CalculateField" Date="20120426" Time="101333">CalculateField "2004 12 31 Tenencia Nacional_ccl" anadir 2 VB #</Process><Process ToolSource="C:\Program Files (x86)\ArcGIS\Desktop10.0\ArcToolbox\Toolboxes\Data Management Tools.tbx\CalculateField" Date="20120426" Time="101713">CalculateField "2004 12 31 Tenencia Nacional_ccl" anadir 2 VB #</Process><Process ToolSource="C:\Program Files (x86)\ArcGIS\Desktop10.0\ArcToolbox\Toolboxes\Data Management Tools.tbx\CalculateField" Date="20120426" Time="101949">CalculateField "2004 12 31 Tenencia Nacional_ccl" anadir 2 VB #</Process><Process ToolSource="C:\Program Files (x86)\ArcGIS\Desktop10.0\ArcToolbox\Toolboxes\Data Management Tools.tbx\CalculateField" Date="20120426" Time="102110">CalculateField "2004 12 31 Tenencia Nacional_ccl" anadir 2 VB #</Process><Process ToolSource="C:\Program Files (x86)\ArcGIS\Desktop10.0\ArcToolbox\Toolboxes\Data Management Tools.tbx\CalculateField" Date="20120426" Time="102209">CalculateField "2004 12 31 Tenencia Nacional_ccl" anadir 2 VB #</Process><Process ToolSource="C:\Program Files (x86)\ArcGIS\Desktop10.0\ArcToolbox\Toolboxes\Data Management Tools.tbx\CalculateField" Date="20120426" Time="102350">CalculateField "2004 12 31 Tenencia Nacional_ccl" anadir 2 VB #</Process><Process ToolSource="C:\Program Files (x86)\ArcGIS\Desktop10.0\ArcToolbox\Toolboxes\Data Management Tools.tbx\CalculateField" Date="20120426" Time="103552">CalculateField "2004 12 31 Tenencia Nacional_ccl" anadir 2 VB #</Process><Process ToolSource="C:\Program Files (x86)\ArcGIS\Desktop10.0\ArcToolbox\Toolboxes\Data Management Tools.tbx\CalculateField" Date="20120618" Time="144211">CalculateField "2004 12 31 Tenencia Nacional_ccl" Hectares 10 VB #</Process><Process ToolSource="C:\Program Files (x86)\ArcGIS\Desktop10.0\ArcToolbox\Toolboxes\Data Management Tools.tbx\CalculateField" Date="20120618" Time="144804">CalculateField "2004 12 31 Tenencia Nacional_ccl" Hectares 10 VB #</Process><Process ToolSource="C:\Program Files (x86)\ArcGIS\Desktop10.0\ArcToolbox\Toolboxes\Data Management Tools.tbx\CalculateField" Date="20120618" Time="144834">CalculateField "2004 12 31 Tenencia Nacional_ccl" Hectares 10 VB #</Process><Process ToolSource="C:\Program Files (x86)\ArcGIS\Desktop10.0\ArcToolbox\Toolboxes\Data Management Tools.tbx\CalculateField" Date="20120618" Time="145036">CalculateField "2004 12 31 Tenencia Nacional_ccl" Hectares 10 VB #</Process><Process ToolSource="C:\Program Files (x86)\ArcGIS\Desktop10.0\ArcToolbox\Toolboxes\Data Management Tools.tbx\CalculateField" Date="20120618" Time="145131">CalculateField "2004 12 31 Tenencia Nacional_ccl" Hectares 10 VB #</Process><Process ToolSource="C:\Program Files (x86)\ArcGIS\Desktop10.0\ArcToolbox\Toolboxes\Data Management Tools.tbx\CalculateField" Date="20120618" Time="145155">CalculateField "2004 12 31 Tenencia Nacional_ccl" Hectares 10 VB #</Process><Process ToolSource="C:\Program Files (x86)\ArcGIS\Desktop10.0\ArcToolbox\Toolboxes\Data Management Tools.tbx\CalculateField" Date="20120618" Time="145248">CalculateField "2004 12 31 Tenencia Nacional_ccl" Hectares 10 VB #</Process><Process ToolSource="C:\Program Files (x86)\ArcGIS\Desktop10.0\ArcToolbox\Toolboxes\Data Management Tools.tbx\CalculateField" Date="20120618" Time="145311">CalculateField "2004 12 31 Tenencia Nacional_ccl" Hectares 10 VB #</Process><Process ToolSource="C:\Program Files (x86)\ArcGIS\Desktop10.0\ArcToolbox\Toolboxes\Data Management Tools.tbx\CalculateField" Date="20120618" Time="145341">CalculateField "2004 12 31 Tenencia Nacional_ccl" Hectares 10 VB #</Process><Process ToolSource="C:\Program Files (x86)\ArcGIS\Desktop10.0\ArcToolbox\Toolboxes\Data Management Tools.tbx\CalculateField" Date="20120618" Time="145409">CalculateField "2004 12 31 Tenencia Nacional_ccl" Hectares 10 VB #</Process><Process ToolSource="C:\Program Files (x86)\ArcGIS\Desktop10.0\ArcToolbox\Toolboxes\Data Management Tools.tbx\CalculateField" Date="20120618" Time="145438">CalculateField "2004 12 31 Tenencia Nacional_ccl" Hectares 10 VB #</Process><Process ToolSource="C:\Program Files (x86)\ArcGIS\Desktop10.0\ArcToolbox\Toolboxes\Data Management Tools.tbx\CalculateField" Date="20120618" Time="145518">CalculateField "2004 12 31 Tenencia Nacional_ccl" Hectares 10 VB #</Process><Process ToolSource="C:\Program Files (x86)\ArcGIS\Desktop10.0\ArcToolbox\Toolboxes\Data Management Tools.tbx\CalculateField" Date="20120618" Time="145541">CalculateField "2004 12 31 Tenencia Nacional_ccl" Hectares 10 VB #</Process><Process ToolSource="C:\Program Files (x86)\ArcGIS\Desktop10.0\ArcToolbox\Toolboxes\Data Management Tools.tbx\CalculateField" Date="20120618" Time="145606">CalculateField "2004 12 31 Tenencia Nacional_ccl" Hectares 10 VB #</Process><Process ToolSource="C:\Program Files (x86)\ArcGIS\Desktop10.0\ArcToolbox\Toolboxes\Data Management Tools.tbx\CalculateField" Date="20120618" Time="145912">CalculateField "2004 12 31 Tenencia Nacional_ccl" Hectares 10 VB #</Process><Process ToolSource="C:\Program Files (x86)\ArcGIS\Desktop10.0\ArcToolbox\Toolboxes\Data Management Tools.tbx\CalculateField" Date="20120618" Time="150112">CalculateField "2004 12 31 Tenencia Nacional_ccl" Hectares 0 VB #</Process><Process ToolSource="C:\Program Files (x86)\ArcGIS\Desktop10.0\ArcToolbox\Toolboxes\Data Management Tools.tbx\CalculateField" Date="20120618" Time="150301">CalculateField "2004 12 31 Tenencia Nacional_ccl" Hectares 10 VB #</Process><Process ToolSource="C:\Program Files (x86)\ArcGIS\Desktop10.0\ArcToolbox\Toolboxes\Data Management Tools.tbx\CalculateField" Date="20120618" Time="150335">CalculateField "2004 12 31 Tenencia Nacional_ccl" Hectares 10 VB #</Process><Process ToolSource="C:\Program Files (x86)\ArcGIS\Desktop10.0\ArcToolbox\Toolboxes\Data Management Tools.tbx\CalculateField" Date="20120618" Time="150401">CalculateField "2004 12 31 Tenencia Nacional_ccl" Hectares 10 VB #</Process><Process ToolSource="C:\Program Files (x86)\ArcGIS\Desktop10.0\ArcToolbox\Toolboxes\Data Management Tools.tbx\CalculateField" Date="20120618" Time="150505">CalculateField "2004 12 31 Tenencia Nacional_ccl" Hectares 10 VB #</Process><Process ToolSource="C:\Program Files (x86)\ArcGIS\Desktop10.0\ArcToolbox\Toolboxes\Data Management Tools.tbx\CalculateField" Date="20120618" Time="151909">CalculateField "2004 12 31 Tenencia Nacional_ccl" Hectares 10 VB #</Process><Process ToolSource="C:\Program Files (x86)\ArcGIS\Desktop10.0\ArcToolbox\Toolboxes\Data Management Tools.tbx\CalculateField" Date="20120618" Time="151932">CalculateField "2004 12 31 Tenencia Nacional_ccl" Hectares 10 VB #</Process><Process ToolSource="C:\Program Files (x86)\ArcGIS\Desktop10.0\ArcToolbox\Toolboxes\Data Management Tools.tbx\CalculateField" Date="20120618" Time="152846">CalculateField "2004 12 31 Tenencia Nacional_ccl" Hectares 0 VB #</Process><Process ToolSource="C:\Program Files (x86)\ArcGIS\Desktop10.0\ArcToolbox\Toolboxes\Data Management Tools.tbx\CalculateField" Date="20120618" Time="153010">CalculateField "2004 12 31 Tenencia Nacional_ccl" Hectares 10 VB #</Process><Process ToolSource="C:\Program Files (x86)\ArcGIS\Desktop10.0\ArcToolbox\Toolboxes\Data Management Tools.tbx\Project" Date="20130603" Time="140435">Project "C:\Users\D_Molina\Documents\TNC\Ejidos peninsula\Ejidos_peninsula.shp" "C:\Users\D_Molina\Desktop\Entrega shapes_ Danilu\WGS_1984_UTM_Zone_16N\MAPA PRINCIPAL\2_Limites estatales y municipales\Ejidos_ Peninsula_RAM\Ejidos_ Peninsula_RAM.shp" PROJCS['WGS_1984_UTM_Zone_16N',GEOGCS['GCS_WGS_1984',DATUM['D_WGS_1984',SPHEROID['WGS_1984',6378137.0,298.257223563]],PRIMEM['Greenwich',0.0],UNIT['Degree',0.0174532925199433]],PROJECTION['Transverse_Mercator'],PARAMETER['False_Easting',500000.0],PARAMETER['False_Northing',0.0],PARAMETER['Central_Meridian',-87.0],PARAMETER['Scale_Factor',0.9996],PARAMETER['Latitude_Of_Origin',0.0],UNIT['Meter',1.0]] # PROJCS['Custom',GEOGCS['GCS_WGS_1984',DATUM['D_WGS_1984',SPHEROID['WGS_1984',6378137.0,298.257223563]],PRIMEM['Greenwich',0.0],UNIT['Degree',0.0174532925199433]],PROJECTION['Lambert_Conformal_Conic'],PARAMETER['False_Easting',2500000.0],PARAMETER['False_Northing',0.0],PARAMETER['Central_Meridian',-102.0],PARAMETER['Standard_Parallel_1',17.5],PARAMETER['Standard_Parallel_2',29.5],PARAMETER['Central_Parallel',12.0],UNIT['Meter',1.0]]</Process></lineage><itemProps><itemLocation><linkage Sync="TRUE">file://\\RODVV\C$\Users\HP\Box Sync\SIG\2018\sacrisanto\SHAPES 070618\SHAPES\ejido_san_crisanto</linkage><protocol Sync="TRUE">Local Area Network</protocol></itemLocation></itemProps><copyHistory><copy source="C:\Users\HP\Box Sync\SIG\2017\san crisanto\ejido_san_crisanto" dest="\\RODVV\C$\Users\HP\Box Sync\SIG\2018\sacrisanto\SHAPES 070618\SHAPES\ejido_san_crisanto" date="20180607" time="14092400"></copy></copyHistory></DataProperties></Esri></metadata>
